{
  "Ansi 5 Color" : {
    "Green Component" : 0.47450980392156861,
    "Blue Component" : 0.77647058823529413,
    "Red Component" : 1
  },
  "Tags" : [

  ],
  "Ansi 12 Color" : {
    "Green Component" : 0.57647058823529407,
    "Blue Component" : 0.97647058823529409,
    "Red Component" : 0.74117647058823533
  },
  "Horizontal Spacing" : 1,
  "Ansi 7 Color" : {
    "Green Component" : 0.73333334922790527,
    "Blue Component" : 0.73333334922790527,
    "Red Component" : 0.73333334922790527
  },
  "Bold Color" : {
    "Green Component" : 0.90237069129943848,
    "Blue Component" : 0.90237069129943848,
    "Red Component" : 0.90237069129943848
  },
  "Ansi 8 Color" : {
    "Green Component" : 0.33333333333333331,
    "Blue Component" : 0.33333333333333331,
    "Red Component" : 0.33333333333333331
  },
  "Ansi 9 Color" : {
    "Green Component" : 0.33333333333333331,
    "Blue Component" : 0.33333333333333331,
    "Red Component" : 1
  },
  "Ansi 3 Color" : {
    "Green Component" : 0.98039215686274506,
    "Blue Component" : 0.5490196078431373,
    "Red Component" : 0.94509803921568625
  },
  "Rows" : 40,
  "Default Bookmark" : "No",
  "Triggers" : [
    {
      "action" : "PasswordTrigger",
      "parameter" : "",
      "regex" : "^Password:\\",
      "partial" : true
    }
  ],
  "Cursor Guide Color" : {
    "Red Component" : 0.70213186740875244,
    "Color Space" : "sRGB",
    "Blue Component" : 1,
    "Alpha Component" : 0.25,
    "Green Component" : 0.9268307089805603
  },
  "Non-ASCII Anti Aliased" : true,
  "Use Bright Bold" : true,
  "Ansi 10 Color" : {
    "Green Component" : 0.98039215686274506,
    "Blue Component" : 0.4823529411764706,
    "Red Component" : 0.31372549019607843
  },
  "Icon" : 1,
  "Ambiguous Double Width" : false,
  "Jobs to Ignore" : [
    "rlogin",
    "ssh",
    "slogin",
    "telnet"
  ],
  "Show Status Bar" : true,
  "Ansi 15 Color" : {
    "Green Component" : 1,
    "Blue Component" : 1,
    "Red Component" : 1
  },
  "Foreground Color" : {
    "Green Component" : 0.90032327175140381,
    "Blue Component" : 0.90032327175140381,
    "Red Component" : 0.90032327175140381
  },
  "Working Directory" : "\/Users\/grantisom",
  "Blinking Cursor" : false,
  "Disable Window Resizing" : true,
  "Sync Title" : false,
  "Prompt Before Closing 2" : false,
  "BM Growl" : true,
  "Command" : "",
  "Description" : "Default",
  "Mouse Reporting" : true,
  "Screen" : -1,
  "Selection Color" : {
    "Green Component" : 0.27843138575553894,
    "Blue Component" : 0.35294118523597717,
    "Red Component" : 0.26666668057441711
  },
  "Columns" : 110,
  "Idle Code" : 0,
  "Ansi 13 Color" : {
    "Green Component" : 0.47450980392156861,
    "Blue Component" : 0.77647058823529413,
    "Red Component" : 1
  },
  "Title Components" : 2,
  "Custom Command" : "No",
  "ASCII Anti Aliased" : true,
  "Non Ascii Font" : "Monaco 12",
  "Vertical Spacing" : 1,
  "Use Bold Font" : false,
  "Option Key Sends" : 0,
  "Selected Text Color" : {
    "Green Component" : 1,
    "Blue Component" : 1,
    "Red Component" : 1
  },
  "Background Color" : {
    "Green Component" : 0.12215272337198257,
    "Blue Component" : 0.15977837145328522,
    "Red Component" : 0.11765811592340469
  },
  "Character Encoding" : 4,
  "Ansi 11 Color" : {
    "Green Component" : 0.98039215686274506,
    "Blue Component" : 0.5490196078431373,
    "Red Component" : 0.94509803921568625
  },
  "Thin Strokes" : 3,
  "Use Italic Font" : true,
  "Unlimited Scrollback" : false,
  "Keyboard Map" : {
    "0x5e-0x60000" : {
      "Action" : 11,
      "Text" : "0x1e"
    },
    "0xf702-0x280000" : {
      "Action" : 10,
      "Text" : "b"
    },
    "0xf702-0x260000" : {
      "Action" : 11,
      "Text" : "0x1b 0x1b 0x5b 0x44"
    },
    "0xf703-0x280000" : {
      "Action" : 10,
      "Text" : "f"
    },
    "0xf70a-0x20000" : {
      "Action" : 10,
      "Text" : "[28~"
    },
    "0xf703-0x260000" : {
      "Action" : 10,
      "Text" : "[C"
    },
    "0x2d-0x40000" : {
      "Action" : 11,
      "Text" : "0x1f"
    },
    "0xf702-0x220000" : {
      "Action" : 10,
      "Text" : "[D"
    },
    "0xf703-0x240000" : {
      "Action" : 10,
      "Text" : "[5C"
    },
    "0xf703-0x220000" : {
      "Action" : 10,
      "Text" : "[C"
    },
    "0xf700-0x280000" : {
      "Action" : 10,
      "Text" : "[A"
    },
    "0xf72b-0x20000" : {
      "Action" : 10,
      "Text" : "[F"
    },
    "0xf700-0x260000" : {
      "Action" : 10,
      "Text" : "[A"
    },
    "0xf701-0x280000" : {
      "Action" : 10,
      "Text" : "[B"
    },
    "0xf700-0x240000" : {
      "Action" : 10,
      "Text" : "[A"
    },
    "0xf701-0x260000" : {
      "Action" : 10,
      "Text" : "[B"
    },
    "0xf700-0x220000" : {
      "Action" : 10,
      "Text" : "[A"
    },
    "0xf701-0x240000" : {
      "Action" : 10,
      "Text" : "[B"
    },
    "0xf72b-0x40000" : {
      "Action" : 4,
      "Text" : ""
    },
    "0xf708-0x20000" : {
      "Action" : 10,
      "Text" : "[25~"
    },
    "0xf701-0x220000" : {
      "Action" : 10,
      "Text" : "[B"
    },
    "0xf709-0x20000" : {
      "Action" : 10,
      "Text" : "[26~"
    },
    "0xf70b-0x20000" : {
      "Action" : 10,
      "Text" : "[29~"
    },
    "0xf702-0x240000" : {
      "Action" : 10,
      "Text" : "[5D"
    },
    "0xf729-0x20000" : {
      "Action" : 10,
      "Text" : "[H"
    },
    "0xf729-0x40000" : {
      "Action" : 5,
      "Text" : ""
    }
  },
  "Window Type" : 0,
  "Background Image Location" : "",
  "Blur" : false,
  "Badge Color" : {
    "Red Component" : 1,
    "Color Space" : "sRGB",
    "Blue Component" : 0,
    "Alpha Component" : 0.5,
    "Green Component" : 0.1491314172744751
  },
  "Scrollback Lines" : 1000,
  "Send Code When Idle" : false,
  "Close Sessions On End" : true,
  "Terminal Type" : "xterm-256color",
  "Visual Bell" : true,
  "Flashing Bell" : false,
  "Status Bar Layout" : {
    "components" : [
      {
        "class" : "iTermStatusBarClockComponent",
        "configuration" : {
          "knobs" : {
            "base: priority" : 5,
            "base: compression resistance" : 1,
            "shared text color" : {
              "Red Component" : 0.90000000000000002,
              "Color Space" : "sRGB",
              "Blue Component" : 0.63,
              "Alpha Component" : 1,
              "Green Component" : 0.63
            },
            "format" : "M\/dd h:mm"
          },
          "layout advanced configuration dictionary value" : {
            "font" : ".AppleSystemUIFont 12",
            "auto-rainbow style" : 3,
            "algorithm" : 0
          }
        }
      },
      {
        "class" : "iTermStatusBarBatteryComponent",
        "configuration" : {
          "knobs" : {
            "base: priority" : 5,
            "shared text color" : {
              "Red Component" : 0.87515999999999994,
              "Color Space" : "sRGB",
              "Blue Component" : 0.63,
              "Alpha Component" : 1,
              "Green Component" : 0.90000000000000002
            },
            "base: compression resistance" : 1
          },
          "layout advanced configuration dictionary value" : {
            "font" : ".AppleSystemUIFont 12",
            "auto-rainbow style" : 3,
            "algorithm" : 0
          }
        }
      },
      {
        "class" : "iTermStatusBarCPUUtilizationComponent",
        "configuration" : {
          "knobs" : {
            "base: priority" : 5,
            "shared text color" : {
              "Red Component" : 0.63,
              "Color Space" : "sRGB",
              "Blue Component" : 0.67968000000000006,
              "Alpha Component" : 1,
              "Green Component" : 0.90000000000000002
            },
            "base: compression resistance" : 1
          },
          "layout advanced configuration dictionary value" : {
            "font" : ".AppleSystemUIFont 12",
            "auto-rainbow style" : 3,